<?xml version='1.0' encoding='UTF-8'?>
<archive xmlns:SOAP-ENV="http://schemas.xmlsoap.org/soap/envelope/" xmlns:SOAP-ENC="http://schemas.xmlsoap.org/soap/encoding/" xmlns:xsd="http://www.w3.org/2001/XMLSchema" xmlns:xsi="http://www.w3.org/2001/XMLSchema-instance" xmlns:bus="http://developer.cognos.com/schemas/bibus/3/" xmlns:cm="http://developer.cognos.com/schemas/bibus/3/">
<!-- CM Build=8.3.888.0 -->
  <objects>
	<object>
		<class>dataSource</class>
		<name>WFT_ADVANCEMENT_GIFT</name>
		<id>1</id>
		<parentId>0</parentId>
		<storeID>i62810AF01DAC4A07A71B0183488E5B74</storeID>
		<props>
			<creationTime>
				<value>2009-11-11T19:52:29.114Z</value>
			</creationTime>
			<modificationTime>
				<value>2009-11-11T19:52:29.174Z</value>
			</modificationTime>
			<name>
				<value><item><locale xsi:type="xsd:string">en-us</locale><value xsi:type="xsd:string">WFT_ADVANCEMENT_GIFT</value></item>
</value>
			</name>
			<owner>
				<value><item><searchPath xsi:type="cm:stringProp">
	<value xsi:type="xsd:string" xml:space="preserve">CAMID(&quot;::Anonymous&quot;)</value>
</searchPath>
<storeID xsi:type="cm:guidProp">
	<value xsi:type="cm:guid" xml:space="preserve">xOjpBbm9ueW1vdXM_</value>
</storeID></item>
</value>
			</owner>
			<displaySequence>
				<value>0</value>
			</displaySequence>
			<viewed>
				<value>false</value>
			</viewed>
		</props>
	</object>
	<object>
		<class>dataSource</class>
		<name>WFT_COURSE_REGISTRATION</name>
		<id>2</id>
		<parentId>0</parentId>
		<storeID>iF559779773634442B24258DB3F1B1276</storeID>
		<props>
			<creationTime>
				<value>2009-11-11T19:52:48.301Z</value>
			</creationTime>
			<modificationTime>
				<value>2009-11-11T19:52:48.361Z</value>
			</modificationTime>
			<name>
				<value><item><locale xsi:type="xsd:string">en-us</locale><value xsi:type="xsd:string">WFT_COURSE_REGISTRATION</value></item>
</value>
			</name>
			<owner>
				<value><item><searchPath xsi:type="cm:stringProp">
	<value xsi:type="xsd:string" xml:space="preserve">CAMID(&quot;::Anonymous&quot;)</value>
</searchPath>
<storeID xsi:type="cm:guidProp">
	<value xsi:type="cm:guid" xml:space="preserve">xOjpBbm9ueW1vdXM_</value>
</storeID></item>
</value>
			</owner>
			<displaySequence>
				<value>0</value>
			</displaySequence>
			<viewed>
				<value>false</value>
			</viewed>
		</props>
	</object>
	<object>
		<class>dataSource</class>
		<name>WFT_EMPLOYEE</name>
		<id>3</id>
		<parentId>0</parentId>
		<storeID>i510EE34943004A318F713C594A9DDB3A</storeID>
		<props>
			<creationTime>
				<value>2009-11-11T19:53:06.928Z</value>
			</creationTime>
			<modificationTime>
				<value>2009-11-11T19:53:06.988Z</value>
			</modificationTime>
			<name>
				<value><item><locale xsi:type="xsd:string">en-us</locale><value xsi:type="xsd:string">WFT_EMPLOYEE</value></item>
</value>
			</name>
			<owner>
				<value><item><searchPath xsi:type="cm:stringProp">
	<value xsi:type="xsd:string" xml:space="preserve">CAMID(&quot;::Anonymous&quot;)</value>
</searchPath>
<storeID xsi:type="cm:guidProp">
	<value xsi:type="cm:guid" xml:space="preserve">xOjpBbm9ueW1vdXM_</value>
</storeID></item>
</value>
			</owner>
			<displaySequence>
				<value>0</value>
			</displaySequence>
			<viewed>
				<value>false</value>
			</viewed>
		</props>
	</object>
	<object>
		<class>dataSource</class>
		<name>WFT_EMPLOYEE_DEGREE</name>
		<id>4</id>
		<parentId>0</parentId>
		<storeID>i39C13A284433497A9E90F0BB70E731E3</storeID>
		<props>
			<creationTime>
				<value>2009-11-11T19:53:23.672Z</value>
			</creationTime>
			<modificationTime>
				<value>2009-11-11T19:53:23.732Z</value>
			</modificationTime>
			<name>
				<value><item><locale xsi:type="xsd:string">en-us</locale><value xsi:type="xsd:string">WFT_EMPLOYEE_DEGREE</value></item>
</value>
			</name>
			<owner>
				<value><item><searchPath xsi:type="cm:stringProp">
	<value xsi:type="xsd:string" xml:space="preserve">CAMID(&quot;::Anonymous&quot;)</value>
</searchPath>
<storeID xsi:type="cm:guidProp">
	<value xsi:type="cm:guid" xml:space="preserve">xOjpBbm9ueW1vdXM_</value>
</storeID></item>
</value>
			</owner>
			<displaySequence>
				<value>0</value>
			</displaySequence>
			<viewed>
				<value>false</value>
			</viewed>
		</props>
	</object>
	<object>
		<class>dataSource</class>
		<name>PM Admissions Counselor Cube</name>
		<id>5</id>
		<parentId>0</parentId>
		<storeID>iC2CB0161694E4EAA82A6114CD69A71FB</storeID>
		<props>
			<creationTime>
				<value>2009-11-11T19:50:14.720Z</value>
			</creationTime>
			<modificationTime>
				<value>2009-11-11T19:50:14.790Z</value>
			</modificationTime>
			<name>
				<value><item><locale xsi:type="xsd:string">en-us</locale><value xsi:type="xsd:string">PM Admissions Counselor Cube</value></item>
</value>
			</name>
			<owner>
				<value><item><searchPath xsi:type="cm:stringProp">
	<value xsi:type="xsd:string" xml:space="preserve">CAMID(&quot;::Anonymous&quot;)</value>
</searchPath>
<storeID xsi:type="cm:guidProp">
	<value xsi:type="cm:guid" xml:space="preserve">xOjpBbm9ueW1vdXM_</value>
</storeID></item>
</value>
			</owner>
			<displaySequence>
				<value>0</value>
			</displaySequence>
			<viewed>
				<value>false</value>
			</viewed>
		</props>
	</object>
	<object>
		<class>dataSource</class>
		<name>PM Admissions Counselor Cube - Current Academic Period</name>
		<id>6</id>
		<parentId>0</parentId>
		<storeID>i18D10636BDE549ACBB206A0095A56DD7</storeID>
		<props>
			<creationTime>
				<value>2009-11-11T19:50:36.602Z</value>
			</creationTime>
			<modificationTime>
				<value>2009-11-11T19:50:36.662Z</value>
			</modificationTime>
			<name>
				<value><item><locale xsi:type="xsd:string">en-us</locale><value xsi:type="xsd:string">PM Admissions Counselor Cube - Current Academic Period</value></item>
</value>
			</name>
			<owner>
				<value><item><searchPath xsi:type="cm:stringProp">
	<value xsi:type="xsd:string" xml:space="preserve">CAMID(&quot;::Anonymous&quot;)</value>
</searchPath>
<storeID xsi:type="cm:guidProp">
	<value xsi:type="cm:guid" xml:space="preserve">xOjpBbm9ueW1vdXM_</value>
</storeID></item>
</value>
			</owner>
			<displaySequence>
				<value>0</value>
			</displaySequence>
			<viewed>
				<value>false</value>
			</viewed>
		</props>
	</object>
	<object>
		<class>dataSource</class>
		<name>PM Aid Impact Analysis Cube</name>
		<id>7</id>
		<parentId>0</parentId>
		<storeID>iCDAB48D72EE442948A87018E07DE3AFD</storeID>
		<props>
			<creationTime>
				<value>2009-11-11T19:50:52.885Z</value>
			</creationTime>
			<modificationTime>
				<value>2009-11-11T19:50:52.975Z</value>
			</modificationTime>
			<name>
				<value><item><locale xsi:type="xsd:string">en-us</locale><value xsi:type="xsd:string">PM Aid Impact Analysis Cube</value></item>
</value>
			</name>
			<owner>
				<value><item><searchPath xsi:type="cm:stringProp">
	<value xsi:type="xsd:string" xml:space="preserve">CAMID(&quot;::Anonymous&quot;)</value>
</searchPath>
<storeID xsi:type="cm:guidProp">
	<value xsi:type="cm:guid" xml:space="preserve">xOjpBbm9ueW1vdXM_</value>
</storeID></item>
</value>
			</owner>
			<displaySequence>
				<value>0</value>
			</displaySequence>
			<viewed>
				<value>false</value>
			</viewed>
		</props>
	</object>
	<object>
		<class>dataSource</class>
		<name>PM Aid Impact Analysis Cube - Current Academic Period</name>
		<id>8</id>
		<parentId>0</parentId>
		<storeID>i43BB91795D1A4A6AB585B7126F03D940</storeID>
		<props>
			<creationTime>
				<value>2009-11-11T19:51:12.153Z</value>
			</creationTime>
			<modificationTime>
				<value>2009-11-11T19:51:12.203Z</value>
			</modificationTime>
			<name>
				<value><item><locale xsi:type="xsd:string">en-us</locale><value xsi:type="xsd:string">PM Aid Impact Analysis Cube - Current Academic Period</value></item>
</value>
			</name>
			<owner>
				<value><item><searchPath xsi:type="cm:stringProp">
	<value xsi:type="xsd:string" xml:space="preserve">CAMID(&quot;::Anonymous&quot;)</value>
</searchPath>
<storeID xsi:type="cm:guidProp">
	<value xsi:type="cm:guid" xml:space="preserve">xOjpBbm9ueW1vdXM_</value>
</storeID></item>
</value>
			</owner>
			<displaySequence>
				<value>0</value>
			</displaySequence>
			<viewed>
				<value>false</value>
			</viewed>
		</props>
	</object>
	<object>
		<class>dataSource</class>
		<name>PM Award Analysis Cube</name>
		<id>9</id>
		<parentId>0</parentId>
		<storeID>iC1ED6680C8FB4B8DB207E63B67C37228</storeID>
		<props>
			<creationTime>
				<value>2009-11-11T19:51:29.798Z</value>
			</creationTime>
			<modificationTime>
				<value>2009-11-11T19:51:29.868Z</value>
			</modificationTime>
			<name>
				<value><item><locale xsi:type="xsd:string">en-us</locale><value xsi:type="xsd:string">PM Award Analysis Cube</value></item>
</value>
			</name>
			<owner>
				<value><item><searchPath xsi:type="cm:stringProp">
	<value xsi:type="xsd:string" xml:space="preserve">CAMID(&quot;::Anonymous&quot;)</value>
</searchPath>
<storeID xsi:type="cm:guidProp">
	<value xsi:type="cm:guid" xml:space="preserve">xOjpBbm9ueW1vdXM_</value>
</storeID></item>
</value>
			</owner>
			<displaySequence>
				<value>0</value>
			</displaySequence>
			<viewed>
				<value>false</value>
			</viewed>
		</props>
	</object>
	<object>
		<class>dataSource</class>
		<name>PM Award Analysis Cube - Current Academic Period</name>
		<id>10</id>
		<parentId>0</parentId>
		<storeID>iF63814DC17324AA69EECE0656DE4EADF</storeID>
		<props>
			<creationTime>
				<value>2009-11-11T19:51:47.203Z</value>
			</creationTime>
			<modificationTime>
				<value>2009-11-11T19:51:47.253Z</value>
			</modificationTime>
			<name>
				<value><item><locale xsi:type="xsd:string">en-us</locale><value xsi:type="xsd:string">PM Award Analysis Cube - Current Academic Period</value></item>
</value>
			</name>
			<owner>
				<value><item><searchPath xsi:type="cm:stringProp">
	<value xsi:type="xsd:string" xml:space="preserve">CAMID(&quot;::Anonymous&quot;)</value>
</searchPath>
<storeID xsi:type="cm:guidProp">
	<value xsi:type="cm:guid" xml:space="preserve">xOjpBbm9ueW1vdXM_</value>
</storeID></item>
</value>
			</owner>
			<displaySequence>
				<value>0</value>
			</displaySequence>
			<viewed>
				<value>false</value>
			</viewed>
		</props>
	</object>
	<object>
		<class>dataSource</class>
		<name>WFT_ACADEMIC_PROGRAM_COURSE</name>
		<id>11</id>
		<parentId>0</parentId>
		<storeID>i314DDC7F5DEC4C15B4B6CE7FA1C359AB</storeID>
		<props>
			<creationTime>
				<value>2009-11-11T19:52:12.380Z</value>
			</creationTime>
			<modificationTime>
				<value>2009-11-11T19:52:12.440Z</value>
			</modificationTime>
			<name>
				<value><item><locale xsi:type="xsd:string">en-us</locale><value xsi:type="xsd:string">WFT_ACADEMIC_PROGRAM_COURSE</value></item>
</value>
			</name>
			<owner>
				<value><item><searchPath xsi:type="cm:stringProp">
	<value xsi:type="xsd:string" xml:space="preserve">CAMID(&quot;::Anonymous&quot;)</value>
</searchPath>
<storeID xsi:type="cm:guidProp">
	<value xsi:type="cm:guid" xml:space="preserve">xOjpBbm9ueW1vdXM_</value>
</storeID></item>
</value>
			</owner>
			<displaySequence>
				<value>0</value>
			</displaySequence>
			<viewed>
				<value>false</value>
			</viewed>
		</props>
	</object>
	<object>
		<class>dataSource</class>
		<name>WFT_EMPLOYEE_POSITION</name>
		<id>12</id>
		<parentId>0</parentId>
		<storeID>iC8E89407C2DA4E71A602D9D5AC2FA698</storeID>
		<props>
			<creationTime>
				<value>2009-11-11T19:53:41.848Z</value>
			</creationTime>
			<modificationTime>
				<value>2009-11-11T19:53:41.908Z</value>
			</modificationTime>
			<name>
				<value><item><locale xsi:type="xsd:string">en-us</locale><value xsi:type="xsd:string">WFT_EMPLOYEE_POSITION</value></item>
</value>
			</name>
			<owner>
				<value><item><searchPath xsi:type="cm:stringProp">
	<value xsi:type="xsd:string" xml:space="preserve">CAMID(&quot;::Anonymous&quot;)</value>
</searchPath>
<storeID xsi:type="cm:guidProp">
	<value xsi:type="cm:guid" xml:space="preserve">xOjpBbm9ueW1vdXM_</value>
</storeID></item>
</value>
			</owner>
			<displaySequence>
				<value>0</value>
			</displaySequence>
			<viewed>
				<value>false</value>
			</viewed>
		</props>
	</object>
	<object>
		<class>dataSource</class>
		<name>WFT_EMPLOYMENT_APPLICATION</name>
		<id>13</id>
		<parentId>0</parentId>
		<storeID>i9B50B57823E14110A27DBFCC63E3985D</storeID>
		<props>
			<creationTime>
				<value>2009-11-11T19:53:59.474Z</value>
			</creationTime>
			<modificationTime>
				<value>2009-11-11T19:53:59.524Z</value>
			</modificationTime>
			<name>
				<value><item><locale xsi:type="xsd:string">en-us</locale><value xsi:type="xsd:string">WFT_EMPLOYMENT_APPLICATION</value></item>
</value>
			</name>
			<owner>
				<value><item><searchPath xsi:type="cm:stringProp">
	<value xsi:type="xsd:string" xml:space="preserve">CAMID(&quot;::Anonymous&quot;)</value>
</searchPath>
<storeID xsi:type="cm:guidProp">
	<value xsi:type="cm:guid" xml:space="preserve">xOjpBbm9ueW1vdXM_</value>
</storeID></item>
</value>
			</owner>
			<displaySequence>
				<value>0</value>
			</displaySequence>
			<viewed>
				<value>false</value>
			</viewed>
		</props>
	</object>
	<object>
		<class>dataSource</class>
		<name>WFT_ENROLLMENT</name>
		<id>14</id>
		<parentId>0</parentId>
		<storeID>iD73E536D9E8E4676BE457CD68BA6B3A1</storeID>
		<props>
			<creationTime>
				<value>2009-11-11T19:54:30.739Z</value>
			</creationTime>
			<modificationTime>
				<value>2009-11-11T19:54:30.819Z</value>
			</modificationTime>
			<name>
				<value><item><locale xsi:type="xsd:string">en-us</locale><value xsi:type="xsd:string">WFT_ENROLLMENT</value></item>
</value>
			</name>
			<owner>
				<value><item><searchPath xsi:type="cm:stringProp">
	<value xsi:type="xsd:string" xml:space="preserve">CAMID(&quot;::Anonymous&quot;)</value>
</searchPath>
<storeID xsi:type="cm:guidProp">
	<value xsi:type="cm:guid" xml:space="preserve">xOjpBbm9ueW1vdXM_</value>
</storeID></item>
</value>
			</owner>
			<displaySequence>
				<value>0</value>
			</displaySequence>
			<viewed>
				<value>false</value>
			</viewed>
		</props>
	</object>
	<object>
		<class>dataSource</class>
		<name>WFT_FINANCIAL_AID_PRE_STUDENT</name>
		<id>15</id>
		<parentId>0</parentId>
		<storeID>i7038E4A5C3D74339AC3FA86CDCC4E9FF</storeID>
		<props>
			<creationTime>
				<value>2009-11-11T19:54:49.666Z</value>
			</creationTime>
			<modificationTime>
				<value>2009-11-11T19:54:49.726Z</value>
			</modificationTime>
			<name>
				<value><item><locale xsi:type="xsd:string">en-us</locale><value xsi:type="xsd:string">WFT_FINANCIAL_AID_PRE_STUDENT</value></item>
</value>
			</name>
			<owner>
				<value><item><searchPath xsi:type="cm:stringProp">
	<value xsi:type="xsd:string" xml:space="preserve">CAMID(&quot;::Anonymous&quot;)</value>
</searchPath>
<storeID xsi:type="cm:guidProp">
	<value xsi:type="cm:guid" xml:space="preserve">xOjpBbm9ueW1vdXM_</value>
</storeID></item>
</value>
			</owner>
			<displaySequence>
				<value>0</value>
			</displaySequence>
			<viewed>
				<value>false</value>
			</viewed>
		</props>
	</object>
	<object>
		<class>dataSource</class>
		<name>WFT_FINANCIAL_AID_STUDENT</name>
		<id>16</id>
		<parentId>0</parentId>
		<storeID>i767BD57722F34EA3BCE61AA06DCC65DA</storeID>
		<props>
			<creationTime>
				<value>2009-11-11T19:55:06.690Z</value>
			</creationTime>
			<modificationTime>
				<value>2009-11-11T19:55:06.750Z</value>
			</modificationTime>
			<name>
				<value><item><locale xsi:type="xsd:string">en-us</locale><value xsi:type="xsd:string">WFT_FINANCIAL_AID_STUDENT</value></item>
</value>
			</name>
			<owner>
				<value><item><searchPath xsi:type="cm:stringProp">
	<value xsi:type="xsd:string" xml:space="preserve">CAMID(&quot;::Anonymous&quot;)</value>
</searchPath>
<storeID xsi:type="cm:guidProp">
	<value xsi:type="cm:guid" xml:space="preserve">xOjpBbm9ueW1vdXM_</value>
</storeID></item>
</value>
			</owner>
			<displaySequence>
				<value>0</value>
			</displaySequence>
			<viewed>
				<value>false</value>
			</viewed>
		</props>
	</object>
	<object>
		<class>dataSource</class>
		<name>WFT_GENERAL_LEDGER</name>
		<id>17</id>
		<parentId>0</parentId>
		<storeID>iA124198DBA7945B29D7E5E2459E53AB9</storeID>
		<props>
			<creationTime>
				<value>2009-11-11T19:55:24.195Z</value>
			</creationTime>
			<modificationTime>
				<value>2009-11-11T19:55:24.255Z</value>
			</modificationTime>
			<name>
				<value><item><locale xsi:type="xsd:string">en-us</locale><value xsi:type="xsd:string">WFT_GENERAL_LEDGER</value></item>
</value>
			</name>
			<owner>
				<value><item><searchPath xsi:type="cm:stringProp">
	<value xsi:type="xsd:string" xml:space="preserve">CAMID(&quot;::Anonymous&quot;)</value>
</searchPath>
<storeID xsi:type="cm:guidProp">
	<value xsi:type="cm:guid" xml:space="preserve">xOjpBbm9ueW1vdXM_</value>
</storeID></item>
</value>
			</owner>
			<displaySequence>
				<value>0</value>
			</displaySequence>
			<viewed>
				<value>false</value>
			</viewed>
		</props>
	</object>
	<object>
		<class>dataSource</class>
		<name>WFT_GENERAL_LEDGER_EVENT</name>
		<id>18</id>
		<parentId>0</parentId>
		<storeID>i2A00EF0A4AC047C29D7438DCED94EF40</storeID>
		<props>
			<creationTime>
				<value>2009-11-11T19:55:40.969Z</value>
			</creationTime>
			<modificationTime>
				<value>2009-11-11T19:55:41.030Z</value>
			</modificationTime>
			<name>
				<value><item><locale xsi:type="xsd:string">en-us</locale><value xsi:type="xsd:string">WFT_GENERAL_LEDGER_EVENT</value></item>
</value>
			</name>
			<owner>
				<value><item><searchPath xsi:type="cm:stringProp">
	<value xsi:type="xsd:string" xml:space="preserve">CAMID(&quot;::Anonymous&quot;)</value>
</searchPath>
<storeID xsi:type="cm:guidProp">
	<value xsi:type="cm:guid" xml:space="preserve">xOjpBbm9ueW1vdXM_</value>
</storeID></item>
</value>
			</owner>
			<displaySequence>
				<value>0</value>
			</displaySequence>
			<viewed>
				<value>false</value>
			</viewed>
		</props>
	</object>
	<object>
		<class>dataSource</class>
		<name>WFT_GRADUATION_COMPLETION</name>
		<id>19</id>
		<parentId>0</parentId>
		<storeID>i72D28D25884B4F3393D9D84DC7D3E46F</storeID>
		<props>
			<creationTime>
				<value>2009-11-11T19:56:00.157Z</value>
			</creationTime>
			<modificationTime>
				<value>2009-11-11T19:56:00.217Z</value>
			</modificationTime>
			<name>
				<value><item><locale xsi:type="xsd:string">en-us</locale><value xsi:type="xsd:string">WFT_GRADUATION_COMPLETION</value></item>
</value>
			</name>
			<owner>
				<value><item><searchPath xsi:type="cm:stringProp">
	<value xsi:type="xsd:string" xml:space="preserve">CAMID(&quot;::Anonymous&quot;)</value>
</searchPath>
<storeID xsi:type="cm:guidProp">
	<value xsi:type="cm:guid" xml:space="preserve">xOjpBbm9ueW1vdXM_</value>
</storeID></item>
</value>
			</owner>
			<displaySequence>
				<value>0</value>
			</displaySequence>
			<viewed>
				<value>false</value>
			</viewed>
		</props>
	</object>
	<object>
		<class>dataSource</class>
		<name>WFT_GRANT_AND_PROJECT</name>
		<id>20</id>
		<parentId>0</parentId>
		<storeID>i1F6BF91E3B734B13A9666706A6C4EE5D</storeID>
		<props>
			<creationTime>
				<value>2009-11-11T19:56:18.363Z</value>
			</creationTime>
			<modificationTime>
				<value>2009-11-11T19:56:18.473Z</value>
			</modificationTime>
			<name>
				<value><item><locale xsi:type="xsd:string">en-us</locale><value xsi:type="xsd:string">WFT_GRANT_AND_PROJECT</value></item>
</value>
			</name>
			<owner>
				<value><item><searchPath xsi:type="cm:stringProp">
	<value xsi:type="xsd:string" xml:space="preserve">CAMID(&quot;::Anonymous&quot;)</value>
</searchPath>
<storeID xsi:type="cm:guidProp">
	<value xsi:type="cm:guid" xml:space="preserve">xOjpBbm9ueW1vdXM_</value>
</storeID></item>
</value>
			</owner>
			<displaySequence>
				<value>0</value>
			</displaySequence>
			<viewed>
				<value>false</value>
			</viewed>
		</props>
	</object>
	<object>
		<class>dataSource</class>
		<name>WFT_OPERATING_LEDGER</name>
		<id>21</id>
		<parentId>0</parentId>
		<storeID>i406D5774227D4836B14FED32B833C3DD</storeID>
		<props>
			<creationTime>
				<value>2009-11-11T19:56:41.697Z</value>
			</creationTime>
			<modificationTime>
				<value>2009-11-11T19:56:41.757Z</value>
			</modificationTime>
			<name>
				<value><item><locale xsi:type="xsd:string">en-us</locale><value xsi:type="xsd:string">WFT_OPERATING_LEDGER</value></item>
</value>
			</name>
			<owner>
				<value><item><searchPath xsi:type="cm:stringProp">
	<value xsi:type="xsd:string" xml:space="preserve">CAMID(&quot;::Anonymous&quot;)</value>
</searchPath>
<storeID xsi:type="cm:guidProp">
	<value xsi:type="cm:guid" xml:space="preserve">xOjpBbm9ueW1vdXM_</value>
</storeID></item>
</value>
			</owner>
			<displaySequence>
				<value>0</value>
			</displaySequence>
			<viewed>
				<value>false</value>
			</viewed>
		</props>
	</object>
	<object>
		<class>dataSource</class>
		<name>WFT_RECEIVABLE_CUSTOMER</name>
		<id>22</id>
		<parentId>0</parentId>
		<storeID>i4CD1349C74614D1EB1CF6CFDD50150CD</storeID>
		<props>
			<creationTime>
				<value>2009-11-11T19:57:00.274Z</value>
			</creationTime>
			<modificationTime>
				<value>2009-11-11T19:57:00.334Z</value>
			</modificationTime>
			<name>
				<value><item><locale xsi:type="xsd:string">en-us</locale><value xsi:type="xsd:string">WFT_RECEIVABLE_CUSTOMER</value></item>
</value>
			</name>
			<owner>
				<value><item><searchPath xsi:type="cm:stringProp">
	<value xsi:type="xsd:string" xml:space="preserve">CAMID(&quot;::Anonymous&quot;)</value>
</searchPath>
<storeID xsi:type="cm:guidProp">
	<value xsi:type="cm:guid" xml:space="preserve">xOjpBbm9ueW1vdXM_</value>
</storeID></item>
</value>
			</owner>
			<displaySequence>
				<value>0</value>
			</displaySequence>
			<viewed>
				<value>false</value>
			</viewed>
		</props>
	</object>
	<object>
		<class>dataSource</class>
		<name>WFT_RECEIVABLE_REVENUE</name>
		<id>23</id>
		<parentId>0</parentId>
		<storeID>i91AC15790DC94B8E85F26A98DE184F93</storeID>
		<props>
			<creationTime>
				<value>2009-11-11T19:57:51.177Z</value>
			</creationTime>
			<modificationTime>
				<value>2009-11-11T19:57:51.237Z</value>
			</modificationTime>
			<name>
				<value><item><locale xsi:type="xsd:string">en-us</locale><value xsi:type="xsd:string">WFT_RECEIVABLE_REVENUE</value></item>
</value>
			</name>
			<owner>
				<value><item><searchPath xsi:type="cm:stringProp">
	<value xsi:type="xsd:string" xml:space="preserve">CAMID(&quot;::Anonymous&quot;)</value>
</searchPath>
<storeID xsi:type="cm:guidProp">
	<value xsi:type="cm:guid" xml:space="preserve">xOjpBbm9ueW1vdXM_</value>
</storeID></item>
</value>
			</owner>
			<displaySequence>
				<value>0</value>
			</displaySequence>
			<viewed>
				<value>false</value>
			</viewed>
		</props>
	</object>
	<object>
		<class>dataSource</class>
		<name>WFT_RECRUITING_AND_ADMISSION</name>
		<id>24</id>
		<parentId>0</parentId>
		<storeID>i1EA8CDC4C5E545A489ABD5DA759AE139</storeID>
		<props>
			<creationTime>
				<value>2009-11-11T19:58:07.430Z</value>
			</creationTime>
			<modificationTime>
				<value>2009-11-11T19:58:07.510Z</value>
			</modificationTime>
			<name>
				<value><item><locale xsi:type="xsd:string">en-us</locale><value xsi:type="xsd:string">WFT_RECRUITING_AND_ADMISSION</value></item>
</value>
			</name>
			<owner>
				<value><item><searchPath xsi:type="cm:stringProp">
	<value xsi:type="xsd:string" xml:space="preserve">CAMID(&quot;::Anonymous&quot;)</value>
</searchPath>
<storeID xsi:type="cm:guidProp">
	<value xsi:type="cm:guid" xml:space="preserve">xOjpBbm9ueW1vdXM_</value>
</storeID></item>
</value>
			</owner>
			<displaySequence>
				<value>0</value>
			</displaySequence>
			<viewed>
				<value>false</value>
			</viewed>
		</props>
	</object>
	<object>
		<class>dataSourceConnection</class>
		<name>WFT_ADVANCEMENT_GIFT</name>
		<parentId>1</parentId>
		<storeID>iBB1766F505EA4FFAB89E95B9BC9A0FDE</storeID>
		<props>
			<creationTime>
				<value>2009-11-11T19:52:29.174Z</value>
			</creationTime>
			<modificationTime>
				<value>2009-11-11T19:52:29.174Z</value>
			</modificationTime>
			<name>
				<value><item><locale xsi:type="xsd:string">en-us</locale><value xsi:type="xsd:string">WFT_ADVANCEMENT_GIFT</value></item>
</value>
			</name>
			<owner>
				<value><item><searchPath xsi:type="cm:stringProp">
	<value xsi:type="xsd:string" xml:space="preserve">CAMID(&quot;::Anonymous&quot;)</value>
</searchPath>
<storeID xsi:type="cm:guidProp">
	<value xsi:type="cm:guid" xml:space="preserve">xOjpBbm9ueW1vdXM_</value>
</storeID></item>
</value>
			</owner>
			<displaySequence>
				<value>0</value>
			</displaySequence>
			<viewed>
				<value>false</value>
			</viewed>
			<connectionString>
				<value>;LOCAL;PC;WIN_PATH=E:\edw80101u\cognos\edw\cubes\WFT_ADVANCEMENT_GIFT.mdc;UNIX_PATH=/u01/edw80101u/cognos/edw/cubes/WFT_ADVANCEMENT_GIFT.mdc</value>
			</connectionString>
		</props>
	</object>
	<object>
		<class>dataSourceConnection</class>
		<name>WFT_COURSE_REGISTRATION</name>
		<parentId>2</parentId>
		<storeID>i9DBAA8F26B744C6E847CF6EDAA792934</storeID>
		<props>
			<creationTime>
				<value>2009-11-11T19:52:48.361Z</value>
			</creationTime>
			<modificationTime>
				<value>2009-11-11T19:52:48.361Z</value>
			</modificationTime>
			<name>
				<value><item><locale xsi:type="xsd:string">en-us</locale><value xsi:type="xsd:string">WFT_COURSE_REGISTRATION</value></item>
</value>
			</name>
			<owner>
				<value><item><searchPath xsi:type="cm:stringProp">
	<value xsi:type="xsd:string" xml:space="preserve">CAMID(&quot;::Anonymous&quot;)</value>
</searchPath>
<storeID xsi:type="cm:guidProp">
	<value xsi:type="cm:guid" xml:space="preserve">xOjpBbm9ueW1vdXM_</value>
</storeID></item>
</value>
			</owner>
			<displaySequence>
				<value>0</value>
			</displaySequence>
			<viewed>
				<value>false</value>
			</viewed>
			<connectionString>
				<value>;LOCAL;PC;WIN_PATH=E:\edw80101u\cognos\edw\cubes\WFT_COURSE_REGISTRATION.mdc;UNIX_PATH=/u01/edw80101u/cognos/edw/cubes/WFT_COURSE_REGISTRATION.mdc</value>
			</connectionString>
		</props>
	</object>
	<object>
		<class>dataSourceConnection</class>
		<name>WFT_EMPLOYEE</name>
		<parentId>3</parentId>
		<storeID>iC0497D4E98AB4854A4E539E73BA93BDB</storeID>
		<props>
			<creationTime>
				<value>2009-11-11T19:53:06.988Z</value>
			</creationTime>
			<modificationTime>
				<value>2009-11-11T19:53:06.988Z</value>
			</modificationTime>
			<name>
				<value><item><locale xsi:type="xsd:string">en-us</locale><value xsi:type="xsd:string">WFT_EMPLOYEE</value></item>
</value>
			</name>
			<owner>
				<value><item><searchPath xsi:type="cm:stringProp">
	<value xsi:type="xsd:string" xml:space="preserve">CAMID(&quot;::Anonymous&quot;)</value>
</searchPath>
<storeID xsi:type="cm:guidProp">
	<value xsi:type="cm:guid" xml:space="preserve">xOjpBbm9ueW1vdXM_</value>
</storeID></item>
</value>
			</owner>
			<displaySequence>
				<value>0</value>
			</displaySequence>
			<viewed>
				<value>false</value>
			</viewed>
			<connectionString>
				<value>;LOCAL;PC;WIN_PATH=E:\edw80101u\cognos\edw\cubes\WFT_EMPLOYEE.mdc;UNIX_PATH=/u01/edw80101u/cognos/edw/cubes/WFT_EMPLOYEE.mdc</value>
			</connectionString>
		</props>
	</object>
	<object>
		<class>dataSourceConnection</class>
		<name>WFT_EMPLOYEE_DEGREE</name>
		<parentId>4</parentId>
		<storeID>i84A0AD74B01E4455B7BB091E9D9B34B3</storeID>
		<props>
			<creationTime>
				<value>2009-11-11T19:53:23.732Z</value>
			</creationTime>
			<modificationTime>
				<value>2009-11-11T19:53:23.732Z</value>
			</modificationTime>
			<name>
				<value><item><locale xsi:type="xsd:string">en-us</locale><value xsi:type="xsd:string">WFT_EMPLOYEE_DEGREE</value></item>
</value>
			</name>
			<owner>
				<value><item><searchPath xsi:type="cm:stringProp">
	<value xsi:type="xsd:string" xml:space="preserve">CAMID(&quot;::Anonymous&quot;)</value>
</searchPath>
<storeID xsi:type="cm:guidProp">
	<value xsi:type="cm:guid" xml:space="preserve">xOjpBbm9ueW1vdXM_</value>
</storeID></item>
</value>
			</owner>
			<displaySequence>
				<value>0</value>
			</displaySequence>
			<viewed>
				<value>false</value>
			</viewed>
			<connectionString>
				<value>;LOCAL;PC;WIN_PATH=E:\edw80101u\cognos\edw\cubes\WFT_EMPLOYEE_DEGREE.mdc;UNIX_PATH=/u01/edw80101u/cognos/edw/cubes/WFT_EMPLOYEE_DEGREE.mdc</value>
			</connectionString>
		</props>
	</object>
	<object>
		<class>dataSourceConnection</class>
		<name>PM Admissions Counselor Cube</name>
		<parentId>5</parentId>
		<storeID>i59A18BD8980F4B8EB5CC0FC58C84CFE3</storeID>
		<props>
			<creationTime>
				<value>2009-11-11T19:50:14.790Z</value>
			</creationTime>
			<modificationTime>
				<value>2009-11-11T19:50:14.790Z</value>
			</modificationTime>
			<name>
				<value><item><locale xsi:type="xsd:string">en-us</locale><value xsi:type="xsd:string">PM Admissions Counselor Cube</value></item>
</value>
			</name>
			<owner>
				<value><item><searchPath xsi:type="cm:stringProp">
	<value xsi:type="xsd:string" xml:space="preserve">CAMID(&quot;::Anonymous&quot;)</value>
</searchPath>
<storeID xsi:type="cm:guidProp">
	<value xsi:type="cm:guid" xml:space="preserve">xOjpBbm9ueW1vdXM_</value>
</storeID></item>
</value>
			</owner>
			<displaySequence>
				<value>0</value>
			</displaySequence>
			<viewed>
				<value>false</value>
			</viewed>
			<connectionString>
				<value>;LOCAL;PC;WIN_PATH=E:\edw80101u\cognos\edw\cubes\PM_Admissions_Counselor_Cube.mdc;UNIX_PATH=/u01/edw80101u/cognos/edw/cubes/PM_Admissions_Counselor_Cube.mdc;readCacheSize=10</value>
			</connectionString>
		</props>
	</object>
	<object>
		<class>dataSourceConnection</class>
		<name>PM Admissions Counselor Cube - Current Academic Period</name>
		<parentId>6</parentId>
		<storeID>i81A93090ED0C46B8BB364F0CE1068E0D</storeID>
		<props>
			<creationTime>
				<value>2009-11-11T19:50:36.662Z</value>
			</creationTime>
			<modificationTime>
				<value>2009-11-11T19:50:36.662Z</value>
			</modificationTime>
			<name>
				<value><item><locale xsi:type="xsd:string">en-us</locale><value xsi:type="xsd:string">PM Admissions Counselor Cube - Current Academic Period</value></item>
</value>
			</name>
			<owner>
				<value><item><searchPath xsi:type="cm:stringProp">
	<value xsi:type="xsd:string" xml:space="preserve">CAMID(&quot;::Anonymous&quot;)</value>
</searchPath>
<storeID xsi:type="cm:guidProp">
	<value xsi:type="cm:guid" xml:space="preserve">xOjpBbm9ueW1vdXM_</value>
</storeID></item>
</value>
			</owner>
			<displaySequence>
				<value>0</value>
			</displaySequence>
			<viewed>
				<value>false</value>
			</viewed>
			<connectionString>
				<value>;LOCAL;PC;WIN_PATH=E:\edw80101u\cognos\edw\cubes\PM_Admissions_Counselor_Cube_Current_Academic_Period.mdc;UNIX_PATH=/u01/edw80101u/cognos/edw/cubes/PM_Admissions_Counselor_Cube_Current_Academic_Period.mdc;readCacheSize=10</value>
			</connectionString>
		</props>
	</object>
	<object>
		<class>dataSourceConnection</class>
		<name>PM Aid Impact Analysis Cube</name>
		<parentId>7</parentId>
		<storeID>i162DA620DA9E46EC85D9E72499144351</storeID>
		<props>
			<creationTime>
				<value>2009-11-11T19:50:52.975Z</value>
			</creationTime>
			<modificationTime>
				<value>2009-11-11T19:50:52.975Z</value>
			</modificationTime>
			<name>
				<value><item><locale xsi:type="xsd:string">en-us</locale><value xsi:type="xsd:string">PM Aid Impact Analysis Cube</value></item>
</value>
			</name>
			<owner>
				<value><item><searchPath xsi:type="cm:stringProp">
	<value xsi:type="xsd:string" xml:space="preserve">CAMID(&quot;::Anonymous&quot;)</value>
</searchPath>
<storeID xsi:type="cm:guidProp">
	<value xsi:type="cm:guid" xml:space="preserve">xOjpBbm9ueW1vdXM_</value>
</storeID></item>
</value>
			</owner>
			<displaySequence>
				<value>0</value>
			</displaySequence>
			<viewed>
				<value>false</value>
			</viewed>
			<connectionString>
				<value>;LOCAL;PC;WIN_PATH=E:\edw80101u\cognos\edw\cubes\PM_Aid_Impact_Analysis_Cube.mdc;UNIX_PATH=/u01/edw80101u/cognos/edw/cubes/PM_Aid_Impact_Analysis_Cube.mdc;readCacheSize=10</value>
			</connectionString>
		</props>
	</object>
	<object>
		<class>dataSourceConnection</class>
		<name>PM Aid Impact Analysis Cube - Current Academic Period</name>
		<parentId>8</parentId>
		<storeID>i73AB85953139459CB7AE6A3187FF0F92</storeID>
		<props>
			<creationTime>
				<value>2009-11-11T19:51:12.203Z</value>
			</creationTime>
			<modificationTime>
				<value>2009-11-11T19:51:12.203Z</value>
			</modificationTime>
			<name>
				<value><item><locale xsi:type="xsd:string">en-us</locale><value xsi:type="xsd:string">PM Aid Impact Analysis Cube - Current Academic Period</value></item>
</value>
			</name>
			<owner>
				<value><item><searchPath xsi:type="cm:stringProp">
	<value xsi:type="xsd:string" xml:space="preserve">CAMID(&quot;::Anonymous&quot;)</value>
</searchPath>
<storeID xsi:type="cm:guidProp">
	<value xsi:type="cm:guid" xml:space="preserve">xOjpBbm9ueW1vdXM_</value>
</storeID></item>
</value>
			</owner>
			<displaySequence>
				<value>0</value>
			</displaySequence>
			<viewed>
				<value>false</value>
			</viewed>
			<connectionString>
				<value>;LOCAL;PC;WIN_PATH=E:\edw80101u\cognos\edw\cubes\PM_Aid_Impact_Analysis_Cube_Current_Academic_Period.mdc;UNIX_PATH=/u01/edw80101u/cognos/edw/cubes/PM_Aid_Impact_Analysis_Cube_Current_Academic_Period.mdc;readCacheSize=10</value>
			</connectionString>
		</props>
	</object>
	<object>
		<class>dataSourceConnection</class>
		<name>PM Award Analysis Cube</name>
		<parentId>9</parentId>
		<storeID>iF379A8844C0F4C86BCBC4B6465EB2D98</storeID>
		<props>
			<creationTime>
				<value>2009-11-11T19:51:29.868Z</value>
			</creationTime>
			<modificationTime>
				<value>2009-11-11T19:51:29.868Z</value>
			</modificationTime>
			<name>
				<value><item><locale xsi:type="xsd:string">en-us</locale><value xsi:type="xsd:string">PM Award Analysis Cube</value></item>
</value>
			</name>
			<owner>
				<value><item><searchPath xsi:type="cm:stringProp">
	<value xsi:type="xsd:string" xml:space="preserve">CAMID(&quot;::Anonymous&quot;)</value>
</searchPath>
<storeID xsi:type="cm:guidProp">
	<value xsi:type="cm:guid" xml:space="preserve">xOjpBbm9ueW1vdXM_</value>
</storeID></item>
</value>
			</owner>
			<displaySequence>
				<value>0</value>
			</displaySequence>
			<viewed>
				<value>false</value>
			</viewed>
			<connectionString>
				<value>;LOCAL;PC;WIN_PATH=E:\edw80101u\cognos\edw\cubes\PM_Award_Analysis_Cube.mdc;UNIX_PATH=/u01/edw80101u/cognos/edw/cubes/PM_Award_Analysis_Cube.mdc</value>
			</connectionString>
		</props>
	</object>
	<object>
		<class>dataSourceConnection</class>
		<name>PM Award Analysis Cube - Current Academic Period</name>
		<parentId>10</parentId>
		<storeID>iC5AA2CD5E4F5489FBEDDEBD25E7C3843</storeID>
		<props>
			<creationTime>
				<value>2009-11-11T19:51:47.253Z</value>
			</creationTime>
			<modificationTime>
				<value>2009-11-11T19:51:47.253Z</value>
			</modificationTime>
			<name>
				<value><item><locale xsi:type="xsd:string">en-us</locale><value xsi:type="xsd:string">PM Award Analysis Cube - Current Academic Period</value></item>
</value>
			</name>
			<owner>
				<value><item><searchPath xsi:type="cm:stringProp">
	<value xsi:type="xsd:string" xml:space="preserve">CAMID(&quot;::Anonymous&quot;)</value>
</searchPath>
<storeID xsi:type="cm:guidProp">
	<value xsi:type="cm:guid" xml:space="preserve">xOjpBbm9ueW1vdXM_</value>
</storeID></item>
</value>
			</owner>
			<displaySequence>
				<value>0</value>
			</displaySequence>
			<viewed>
				<value>false</value>
			</viewed>
			<connectionString>
				<value>;LOCAL;PC;WIN_PATH=E:\edw80101u\cognos\edw\cubes\PM_Award_Analysis_Cube_Current_Academic_Period.mdc;UNIX_PATH=/u01/edw80101u/cognos/edw/cubes/PM_Award_Analysis_Cube_Current_Academic_Period.mdc</value>
			</connectionString>
		</props>
	</object>
	<object>
		<class>dataSourceConnection</class>
		<name>WFT_ACADEMIC_PROGRAM_COURSE</name>
		<parentId>11</parentId>
		<storeID>i1E5D4B40ECE945779F76C2B7406CE02F</storeID>
		<props>
			<creationTime>
				<value>2009-11-11T19:52:12.440Z</value>
			</creationTime>
			<modificationTime>
				<value>2009-11-11T19:52:12.440Z</value>
			</modificationTime>
			<name>
				<value><item><locale xsi:type="xsd:string">en-us</locale><value xsi:type="xsd:string">WFT_ACADEMIC_PROGRAM_COURSE</value></item>
</value>
			</name>
			<owner>
				<value><item><searchPath xsi:type="cm:stringProp">
	<value xsi:type="xsd:string" xml:space="preserve">CAMID(&quot;::Anonymous&quot;)</value>
</searchPath>
<storeID xsi:type="cm:guidProp">
	<value xsi:type="cm:guid" xml:space="preserve">xOjpBbm9ueW1vdXM_</value>
</storeID></item>
</value>
			</owner>
			<displaySequence>
				<value>0</value>
			</displaySequence>
			<viewed>
				<value>false</value>
			</viewed>
			<connectionString>
				<value>;LOCAL;PC;WIN_PATH=E:\edw80101u\cognos\edw\cubes\WFT_ACADEMIC_PROGRAM_COURSE.mdc;UNIX_PATH=/u01/edw80101u/cognos/edw/cubes/WFT_ACADEMIC_PROGRAM_COURSE.mdc;readCacheSize=10</value>
			</connectionString>
		</props>
	</object>
	<object>
		<class>dataSourceConnection</class>
		<name>WFT_EMPLOYEE_POSITION</name>
		<parentId>12</parentId>
		<storeID>i52953AC2AD5744CDBABE58AF273680BB</storeID>
		<props>
			<creationTime>
				<value>2009-11-11T19:53:41.908Z</value>
			</creationTime>
			<modificationTime>
				<value>2009-11-11T19:53:41.908Z</value>
			</modificationTime>
			<name>
				<value><item><locale xsi:type="xsd:string">en-us</locale><value xsi:type="xsd:string">WFT_EMPLOYEE_POSITION</value></item>
</value>
			</name>
			<owner>
				<value><item><searchPath xsi:type="cm:stringProp">
	<value xsi:type="xsd:string" xml:space="preserve">CAMID(&quot;::Anonymous&quot;)</value>
</searchPath>
<storeID xsi:type="cm:guidProp">
	<value xsi:type="cm:guid" xml:space="preserve">xOjpBbm9ueW1vdXM_</value>
</storeID></item>
</value>
			</owner>
			<displaySequence>
				<value>0</value>
			</displaySequence>
			<viewed>
				<value>false</value>
			</viewed>
			<connectionString>
				<value>;LOCAL;PC;WIN_PATH=E:\edw80101u\cognos\edw\cubes\WFT_EMPLOYEE_POSITION.mdc;UNIX_PATH=/u01/edw80101u/cognos/edw/cubes/WFT_EMPLOYEE_POSITION.mdc</value>
			</connectionString>
		</props>
	</object>
	<object>
		<class>dataSourceConnection</class>
		<name>WFT_EMPLOYMENT_APPLICATION</name>
		<parentId>13</parentId>
		<storeID>iA699437C6D974008B3D274D46546F0FA</storeID>
		<props>
			<creationTime>
				<value>2009-11-11T19:53:59.524Z</value>
			</creationTime>
			<modificationTime>
				<value>2009-11-11T19:53:59.524Z</value>
			</modificationTime>
			<name>
				<value><item><locale xsi:type="xsd:string">en-us</locale><value xsi:type="xsd:string">WFT_EMPLOYMENT_APPLICATION</value></item>
</value>
			</name>
			<owner>
				<value><item><searchPath xsi:type="cm:stringProp">
	<value xsi:type="xsd:string" xml:space="preserve">CAMID(&quot;::Anonymous&quot;)</value>
</searchPath>
<storeID xsi:type="cm:guidProp">
	<value xsi:type="cm:guid" xml:space="preserve">xOjpBbm9ueW1vdXM_</value>
</storeID></item>
</value>
			</owner>
			<displaySequence>
				<value>0</value>
			</displaySequence>
			<viewed>
				<value>false</value>
			</viewed>
			<connectionString>
				<value>;LOCAL;PC;WIN_PATH=E:\edw80101u\cognos\edw\cubes\WFT_EMPLOYMENT_APPLICATION.mdc;UNIX_PATH=/u01/edw80101u/cognos/edw/cubes/WFT_EMPLOYMENT_APPLICATION.mdc</value>
			</connectionString>
		</props>
	</object>
	<object>
		<class>dataSourceConnection</class>
		<name>WFT_ENROLLMENT</name>
		<parentId>14</parentId>
		<storeID>i5BE5853E9D7F42749A181DE6DD20A833</storeID>
		<props>
			<creationTime>
				<value>2009-11-11T19:54:30.819Z</value>
			</creationTime>
			<modificationTime>
				<value>2009-11-11T19:54:30.819Z</value>
			</modificationTime>
			<name>
				<value><item><locale xsi:type="xsd:string">en-us</locale><value xsi:type="xsd:string">WFT_ENROLLMENT</value></item>
</value>
			</name>
			<owner>
				<value><item><searchPath xsi:type="cm:stringProp">
	<value xsi:type="xsd:string" xml:space="preserve">CAMID(&quot;::Anonymous&quot;)</value>
</searchPath>
<storeID xsi:type="cm:guidProp">
	<value xsi:type="cm:guid" xml:space="preserve">xOjpBbm9ueW1vdXM_</value>
</storeID></item>
</value>
			</owner>
			<displaySequence>
				<value>0</value>
			</displaySequence>
			<viewed>
				<value>false</value>
			</viewed>
			<connectionString>
				<value>;LOCAL;PC;WIN_PATH=E:\edw80101u\cognos\edw\cubes\WFT_ENROLLMENT.mdc;UNIX_PATH=/u01/edw80101u/cognos/edw/cubes/WFT_ENROLLMENT.mdc</value>
			</connectionString>
		</props>
	</object>
	<object>
		<class>dataSourceConnection</class>
		<name>WFT_FINANCIAL_AID_PRE_STUDENT</name>
		<parentId>15</parentId>
		<storeID>i5D93276B360B4D83940885ECCF583DCC</storeID>
		<props>
			<creationTime>
				<value>2009-11-11T19:54:49.726Z</value>
			</creationTime>
			<modificationTime>
				<value>2009-11-11T19:54:49.726Z</value>
			</modificationTime>
			<name>
				<value><item><locale xsi:type="xsd:string">en-us</locale><value xsi:type="xsd:string">WFT_FINANCIAL_AID_PRE_STUDENT</value></item>
</value>
			</name>
			<owner>
				<value><item><searchPath xsi:type="cm:stringProp">
	<value xsi:type="xsd:string" xml:space="preserve">CAMID(&quot;::Anonymous&quot;)</value>
</searchPath>
<storeID xsi:type="cm:guidProp">
	<value xsi:type="cm:guid" xml:space="preserve">xOjpBbm9ueW1vdXM_</value>
</storeID></item>
</value>
			</owner>
			<displaySequence>
				<value>0</value>
			</displaySequence>
			<viewed>
				<value>false</value>
			</viewed>
			<connectionString>
				<value>;LOCAL;PC;WIN_PATH=E:\edw80101u\cognos\edw\cubes\WFT_FINANCIAL_AID_PRE_STUDENT.mdc;UNIX_PATH=/u01/edw80101u/cognos/edw/cubes/WFT_FINANCIAL_AID_PRE_STUDENT.mdc;readCacheSize=10</value>
			</connectionString>
		</props>
	</object>
	<object>
		<class>dataSourceConnection</class>
		<name>WFT_FINANCIAL_AID_STUDENT</name>
		<parentId>16</parentId>
		<storeID>i2B5761F56B6148DFA1167B9B651C944A</storeID>
		<props>
			<creationTime>
				<value>2009-11-11T19:55:06.750Z</value>
			</creationTime>
			<modificationTime>
				<value>2009-11-11T19:55:06.750Z</value>
			</modificationTime>
			<name>
				<value><item><locale xsi:type="xsd:string">en-us</locale><value xsi:type="xsd:string">WFT_FINANCIAL_AID_STUDENT</value></item>
</value>
			</name>
			<owner>
				<value><item><searchPath xsi:type="cm:stringProp">
	<value xsi:type="xsd:string" xml:space="preserve">CAMID(&quot;::Anonymous&quot;)</value>
</searchPath>
<storeID xsi:type="cm:guidProp">
	<value xsi:type="cm:guid" xml:space="preserve">xOjpBbm9ueW1vdXM_</value>
</storeID></item>
</value>
			</owner>
			<displaySequence>
				<value>0</value>
			</displaySequence>
			<viewed>
				<value>false</value>
			</viewed>
			<connectionString>
				<value>;LOCAL;PC;WIN_PATH=E:\edw80101u\cognos\edw\cubes\WFT_FINANCIAL_AID_STUDENT.mdc;UNIX_PATH=/u01/edw80101u/cognos/edw/cubes/WFT_FINANCIAL_AID_STUDENT.mdc</value>
			</connectionString>
		</props>
	</object>
	<object>
		<class>dataSourceConnection</class>
		<name>WFT_GENERAL_LEDGER</name>
		<parentId>17</parentId>
		<storeID>i194BB0AEE23F46D5B28AE55EC3DD2E47</storeID>
		<props>
			<creationTime>
				<value>2009-11-11T19:55:24.255Z</value>
			</creationTime>
			<modificationTime>
				<value>2009-11-11T19:55:24.255Z</value>
			</modificationTime>
			<name>
				<value><item><locale xsi:type="xsd:string">en-us</locale><value xsi:type="xsd:string">WFT_GENERAL_LEDGER</value></item>
</value>
			</name>
			<owner>
				<value><item><searchPath xsi:type="cm:stringProp">
	<value xsi:type="xsd:string" xml:space="preserve">CAMID(&quot;::Anonymous&quot;)</value>
</searchPath>
<storeID xsi:type="cm:guidProp">
	<value xsi:type="cm:guid" xml:space="preserve">xOjpBbm9ueW1vdXM_</value>
</storeID></item>
</value>
			</owner>
			<displaySequence>
				<value>0</value>
			</displaySequence>
			<viewed>
				<value>false</value>
			</viewed>
			<connectionString>
				<value>;LOCAL;PC;WIN_PATH=E:\edw80101u\cognos\edw\cubes\WFT_GENERAL_LEDGER.mdc;UNIX_PATH=/u01/edw80101u/cognos/edw/cubes/WFT_GENERAL_LEDGER.mdc</value>
			</connectionString>
		</props>
	</object>
	<object>
		<class>dataSourceConnection</class>
		<name>WFT_GENERAL_LEDGER_EVENT</name>
		<parentId>18</parentId>
		<storeID>iD27CB638EEE74243BB07867763E9900D</storeID>
		<props>
			<creationTime>
				<value>2009-11-11T19:55:41.030Z</value>
			</creationTime>
			<modificationTime>
				<value>2009-11-11T19:55:41.030Z</value>
			</modificationTime>
			<name>
				<value><item><locale xsi:type="xsd:string">en-us</locale><value xsi:type="xsd:string">WFT_GENERAL_LEDGER_EVENT</value></item>
</value>
			</name>
			<owner>
				<value><item><searchPath xsi:type="cm:stringProp">
	<value xsi:type="xsd:string" xml:space="preserve">CAMID(&quot;::Anonymous&quot;)</value>
</searchPath>
<storeID xsi:type="cm:guidProp">
	<value xsi:type="cm:guid" xml:space="preserve">xOjpBbm9ueW1vdXM_</value>
</storeID></item>
</value>
			</owner>
			<displaySequence>
				<value>0</value>
			</displaySequence>
			<viewed>
				<value>false</value>
			</viewed>
			<connectionString>
				<value>;LOCAL;PC;WIN_PATH=E:\edw80101u\cognos\edw\cubes\WFT_GENERAL_LEDGER_EVENT.mdc;UNIX_PATH=/u01/edw80101u/cognos/edw/cubes/WFT_GENERAL_LEDGER_EVENT.mdc</value>
			</connectionString>
		</props>
	</object>
	<object>
		<class>dataSourceConnection</class>
		<name>WFT_GRADUATION_COMPLETION</name>
		<parentId>19</parentId>
		<storeID>i2E03538390E9427482407273FD2CC817</storeID>
		<props>
			<creationTime>
				<value>2009-11-11T19:56:00.217Z</value>
			</creationTime>
			<modificationTime>
				<value>2009-11-11T19:56:00.217Z</value>
			</modificationTime>
			<name>
				<value><item><locale xsi:type="xsd:string">en-us</locale><value xsi:type="xsd:string">WFT_GRADUATION_COMPLETION</value></item>
</value>
			</name>
			<owner>
				<value><item><searchPath xsi:type="cm:stringProp">
	<value xsi:type="xsd:string" xml:space="preserve">CAMID(&quot;::Anonymous&quot;)</value>
</searchPath>
<storeID xsi:type="cm:guidProp">
	<value xsi:type="cm:guid" xml:space="preserve">xOjpBbm9ueW1vdXM_</value>
</storeID></item>
</value>
			</owner>
			<displaySequence>
				<value>0</value>
			</displaySequence>
			<viewed>
				<value>false</value>
			</viewed>
			<connectionString>
				<value>;LOCAL;PC;WIN_PATH=E:\edw80101u\cognos\edw\cubes\WFT_GRADUATION_COMPLETION.mdc;UNIX_PATH=/u01/edw80101u/cognos/edw/cubes/WFT_GRADUATION_COMPLETION.mdc</value>
			</connectionString>
		</props>
	</object>
	<object>
		<class>dataSourceConnection</class>
		<name>WFT_GRANT_AND_PROJECT</name>
		<parentId>20</parentId>
		<storeID>iCE4DBF7C87F440F09131C9DFAEBE2801</storeID>
		<props>
			<creationTime>
				<value>2009-11-11T19:56:18.473Z</value>
			</creationTime>
			<modificationTime>
				<value>2009-11-11T19:56:18.473Z</value>
			</modificationTime>
			<name>
				<value><item><locale xsi:type="xsd:string">en-us</locale><value xsi:type="xsd:string">WFT_GRANT_AND_PROJECT</value></item>
</value>
			</name>
			<owner>
				<value><item><searchPath xsi:type="cm:stringProp">
	<value xsi:type="xsd:string" xml:space="preserve">CAMID(&quot;::Anonymous&quot;)</value>
</searchPath>
<storeID xsi:type="cm:guidProp">
	<value xsi:type="cm:guid" xml:space="preserve">xOjpBbm9ueW1vdXM_</value>
</storeID></item>
</value>
			</owner>
			<displaySequence>
				<value>0</value>
			</displaySequence>
			<viewed>
				<value>false</value>
			</viewed>
			<connectionString>
				<value>;LOCAL;PC;WIN_PATH=E:\edw80101u\cognos\edw\cubes\WFT_GRANT_AND_PROJECT.mdc;UNIX_PATH=/u01/edw80101u/cognos/edw/cubes/WFT_GRANT_AND_PROJECT.mdc</value>
			</connectionString>
		</props>
	</object>
	<object>
		<class>dataSourceConnection</class>
		<name>WFT_OPERATING_LEDGER</name>
		<parentId>21</parentId>
		<storeID>iFCCCD5EB593D4DBE8379CEDE2091CBD5</storeID>
		<props>
			<creationTime>
				<value>2009-11-11T19:56:41.757Z</value>
			</creationTime>
			<modificationTime>
				<value>2009-11-11T19:56:41.757Z</value>
			</modificationTime>
			<name>
				<value><item><locale xsi:type="xsd:string">en-us</locale><value xsi:type="xsd:string">WFT_OPERATING_LEDGER</value></item>
</value>
			</name>
			<owner>
				<value><item><searchPath xsi:type="cm:stringProp">
	<value xsi:type="xsd:string" xml:space="preserve">CAMID(&quot;::Anonymous&quot;)</value>
</searchPath>
<storeID xsi:type="cm:guidProp">
	<value xsi:type="cm:guid" xml:space="preserve">xOjpBbm9ueW1vdXM_</value>
</storeID></item>
</value>
			</owner>
			<displaySequence>
				<value>0</value>
			</displaySequence>
			<viewed>
				<value>false</value>
			</viewed>
			<connectionString>
				<value>;LOCAL;PC;WIN_PATH=E:\edw80101u\cognos\edw\cubes\WFT_OPERATING_LEDGER.mdc;UNIX_PATH=/u01/edw80101u/cognos/edw/cubes/WFT_OPERATING_LEDGER.mdc</value>
			</connectionString>
		</props>
	</object>
	<object>
		<class>dataSourceConnection</class>
		<name>WFT_RECEIVABLE_CUSTOMER</name>
		<parentId>22</parentId>
		<storeID>iAA2DE9F0C46E49418A40B44C1CA25E02</storeID>
		<props>
			<creationTime>
				<value>2009-11-11T19:57:00.334Z</value>
			</creationTime>
			<modificationTime>
				<value>2009-11-11T19:57:00.334Z</value>
			</modificationTime>
			<name>
				<value><item><locale xsi:type="xsd:string">en-us</locale><value xsi:type="xsd:string">WFT_RECEIVABLE_CUSTOMER</value></item>
</value>
			</name>
			<owner>
				<value><item><searchPath xsi:type="cm:stringProp">
	<value xsi:type="xsd:string" xml:space="preserve">CAMID(&quot;::Anonymous&quot;)</value>
</searchPath>
<storeID xsi:type="cm:guidProp">
	<value xsi:type="cm:guid" xml:space="preserve">xOjpBbm9ueW1vdXM_</value>
</storeID></item>
</value>
			</owner>
			<displaySequence>
				<value>0</value>
			</displaySequence>
			<viewed>
				<value>false</value>
			</viewed>
			<connectionString>
				<value>;LOCAL;PC;WIN_PATH=E:\edw80101u\cognos\edw\cubes\WFT_RECEIVABLE_CUSTOMER.mdc;UNIX_PATH=/u01/edw80101u/cognos/edw/cubes/WFT_RECEIVABLE_CUSTOMER.mdc</value>
			</connectionString>
		</props>
	</object>
	<object>
		<class>dataSourceConnection</class>
		<name>WFT_RECEIVABLE_REVENUE</name>
		<parentId>23</parentId>
		<storeID>iE54A87F971B84DD1A87A062E5D6958FF</storeID>
		<props>
			<creationTime>
				<value>2009-11-11T19:57:51.237Z</value>
			</creationTime>
			<modificationTime>
				<value>2009-11-11T19:57:51.237Z</value>
			</modificationTime>
			<name>
				<value><item><locale xsi:type="xsd:string">en-us</locale><value xsi:type="xsd:string">WFT_RECEIVABLE_REVENUE</value></item>
</value>
			</name>
			<owner>
				<value><item><searchPath xsi:type="cm:stringProp">
	<value xsi:type="xsd:string" xml:space="preserve">CAMID(&quot;::Anonymous&quot;)</value>
</searchPath>
<storeID xsi:type="cm:guidProp">
	<value xsi:type="cm:guid" xml:space="preserve">xOjpBbm9ueW1vdXM_</value>
</storeID></item>
</value>
			</owner>
			<displaySequence>
				<value>0</value>
			</displaySequence>
			<viewed>
				<value>false</value>
			</viewed>
			<connectionString>
				<value>;LOCAL;PC;WIN_PATH=E:\edw80101u\cognos\edw\cubes\WFT_RECEIVABLE_REVENUE.mdc;UNIX_PATH=/u01/edw80101u/cognos/edw/cubes/WFT_RECEIVABLE_REVENUE.mdc</value>
			</connectionString>
		</props>
	</object>
	<object>
		<class>dataSourceConnection</class>
		<name>WFT_RECRUITING_AND_ADMISSION</name>
		<parentId>24</parentId>
		<storeID>iF0B7A441D12E4212A98CF8629A23C98A</storeID>
		<props>
			<creationTime>
				<value>2009-11-11T19:58:07.510Z</value>
			</creationTime>
			<modificationTime>
				<value>2009-11-11T19:58:07.510Z</value>
			</modificationTime>
			<name>
				<value><item><locale xsi:type="xsd:string">en-us</locale><value xsi:type="xsd:string">WFT_RECRUITING_AND_ADMISSION</value></item>
</value>
			</name>
			<owner>
				<value><item><searchPath xsi:type="cm:stringProp">
	<value xsi:type="xsd:string" xml:space="preserve">CAMID(&quot;::Anonymous&quot;)</value>
</searchPath>
<storeID xsi:type="cm:guidProp">
	<value xsi:type="cm:guid" xml:space="preserve">xOjpBbm9ueW1vdXM_</value>
</storeID></item>
</value>
			</owner>
			<displaySequence>
				<value>0</value>
			</displaySequence>
			<viewed>
				<value>false</value>
			</viewed>
			<connectionString>
				<value>;LOCAL;PC;WIN_PATH=E:\edw80101u\cognos\edw\cubes\WFT_RECRUITING_AND_ADMISSION.mdc;UNIX_PATH=/u01/edw80101u/cognos/edw/cubes/WFT_RECRUITING_AND_ADMISSION.mdc</value>
			</connectionString>
		</props>
	</object>
  </objects>
</archive>
