<?xml version='1.0' encoding='UTF-8'?>
<archive xmlns:SOAP-ENV="http://schemas.xmlsoap.org/soap/envelope/" xmlns:SOAP-ENC="http://schemas.xmlsoap.org/soap/encoding/" xmlns:xsd="http://www.w3.org/2001/XMLSchema" xmlns:xsi="http://www.w3.org/2001/XMLSchema-instance" xmlns:bus="http://developer.cognos.com/schemas/bibus/3/" xmlns:cm="http://developer.cognos.com/schemas/bibus/3/">
<!-- CM Build=8.3.888.0 -->
  <objects>
	<object>
		<class>folder</class>
		<name>Performance Management Packages</name>
		<id>1</id>
		<parentId>0</parentId>
		<storeID>i4C046296001143D0B7A4493AD7108356</storeID>
		<props>
			<creationTime>
				<value>2009-11-11T19:40:52.852Z</value>
			</creationTime>
			<modificationTime>
				<value>2009-11-11T19:51:50.748Z</value>
			</modificationTime>
			<name>
				<value><item><locale xsi:type="xsd:string">en-us</locale><value xsi:type="xsd:string">Performance Management Packages</value></item>
</value>
			</name>
			<owner>
				<value><item><searchPath xsi:type="cm:stringProp">
	<value xsi:type="xsd:string" xml:space="preserve">CAMID(&quot;::Anonymous&quot;)</value>
</searchPath>
<storeID xsi:type="cm:guidProp">
	<value xsi:type="cm:guid" xml:space="preserve">xOjpBbm9ueW1vdXM_</value>
</storeID></item>
</value>
			</owner>
			<displaySequence>
				<value>0</value>
			</displaySequence>
			<viewed>
				<value>false</value>
			</viewed>
		</props>
	</object>
	<object>
		<class>package</class>
		<name>PM Admissions Counselor Cube</name>
		<id>2</id>
		<parentId>1</parentId>
		<storeID>i44BD3CCE6E404C5783016BAAAE3EE294</storeID>
		<props>
			<creationTime>
				<value>2009-11-11T19:50:22.221Z</value>
			</creationTime>
			<modificationTime>
				<value>2009-11-11T19:50:23.163Z</value>
			</modificationTime>
			<name>
				<value><item><locale xsi:type="xsd:string">en-us</locale><value xsi:type="xsd:string">PM Admissions Counselor Cube</value></item>
</value>
			</name>
			<owner>
				<value><item><searchPath xsi:type="cm:stringProp">
	<value xsi:type="xsd:string" xml:space="preserve">CAMID(&quot;::Anonymous&quot;)</value>
</searchPath>
<storeID xsi:type="cm:guidProp">
	<value xsi:type="cm:guid" xml:space="preserve">xOjpBbm9ueW1vdXM_</value>
</storeID></item>
</value>
			</owner>
			<displaySequence>
				<value>0</value>
			</displaySequence>
			<viewed>
				<value>false</value>
			</viewed>
			<retentions>
				<value><item><objectClass xsi:type="cm:classEnum">model</objectClass><prop xsi:type="cm:propEnum">creationTime</prop><maxObjects xsi:type="xsd:integer">0</maxObjects></item>
</value>
			</retentions>
			<defaultPortalAction>
				<value>view</value>
			</defaultPortalAction>
			<userInterfaces>
				<value><item>eventStudio</item>
<item>analysisStudio</item>
<item>queryStudio</item>
<item>reportStudio</item>
<item>powerPlayStudio</item>
</value>
			</userInterfaces>
		</props>
	</object>
	<object>
		<class>package</class>
		<name>PM Admissions Counselor Cube - Current Academic Period</name>
		<id>3</id>
		<parentId>1</parentId>
		<storeID>i953553036D9F4E2B90F6B214CC4CCFE0</storeID>
		<props>
			<creationTime>
				<value>2009-11-11T19:50:40.447Z</value>
			</creationTime>
			<modificationTime>
				<value>2009-11-11T19:50:40.818Z</value>
			</modificationTime>
			<name>
				<value><item><locale xsi:type="xsd:string">en-us</locale><value xsi:type="xsd:string">PM Admissions Counselor Cube - Current Academic Period</value></item>
</value>
			</name>
			<owner>
				<value><item><searchPath xsi:type="cm:stringProp">
	<value xsi:type="xsd:string" xml:space="preserve">CAMID(&quot;::Anonymous&quot;)</value>
</searchPath>
<storeID xsi:type="cm:guidProp">
	<value xsi:type="cm:guid" xml:space="preserve">xOjpBbm9ueW1vdXM_</value>
</storeID></item>
</value>
			</owner>
			<displaySequence>
				<value>0</value>
			</displaySequence>
			<viewed>
				<value>false</value>
			</viewed>
			<retentions>
				<value><item><objectClass xsi:type="cm:classEnum">model</objectClass><prop xsi:type="cm:propEnum">creationTime</prop><maxObjects xsi:type="xsd:integer">0</maxObjects></item>
</value>
			</retentions>
			<defaultPortalAction>
				<value>view</value>
			</defaultPortalAction>
			<userInterfaces>
				<value><item>eventStudio</item>
<item>analysisStudio</item>
<item>queryStudio</item>
<item>reportStudio</item>
<item>powerPlayStudio</item>
</value>
			</userInterfaces>
		</props>
	</object>
	<object>
		<class>package</class>
		<name>PM Aid Impact Analysis Cube</name>
		<id>4</id>
		<parentId>1</parentId>
		<storeID>i8A2D0E95423349859783A54DE44D0B1C</storeID>
		<props>
			<creationTime>
				<value>2009-11-11T19:50:56.430Z</value>
			</creationTime>
			<modificationTime>
				<value>2009-11-11T19:50:56.791Z</value>
			</modificationTime>
			<name>
				<value><item><locale xsi:type="xsd:string">en-us</locale><value xsi:type="xsd:string">PM Aid Impact Analysis Cube</value></item>
</value>
			</name>
			<owner>
				<value><item><searchPath xsi:type="cm:stringProp">
	<value xsi:type="xsd:string" xml:space="preserve">CAMID(&quot;::Anonymous&quot;)</value>
</searchPath>
<storeID xsi:type="cm:guidProp">
	<value xsi:type="cm:guid" xml:space="preserve">xOjpBbm9ueW1vdXM_</value>
</storeID></item>
</value>
			</owner>
			<displaySequence>
				<value>0</value>
			</displaySequence>
			<viewed>
				<value>false</value>
			</viewed>
			<retentions>
				<value><item><objectClass xsi:type="cm:classEnum">model</objectClass><prop xsi:type="cm:propEnum">creationTime</prop><maxObjects xsi:type="xsd:integer">0</maxObjects></item>
</value>
			</retentions>
			<defaultPortalAction>
				<value>view</value>
			</defaultPortalAction>
			<userInterfaces>
				<value><item>eventStudio</item>
<item>analysisStudio</item>
<item>queryStudio</item>
<item>reportStudio</item>
<item>powerPlayStudio</item>
</value>
			</userInterfaces>
		</props>
	</object>
	<object>
		<class>package</class>
		<name>PM Aid Impact Analysis Cube - Current Academic Period</name>
		<id>5</id>
		<parentId>1</parentId>
		<storeID>i447BB6686E714834B4E00022E7B8B49D</storeID>
		<props>
			<creationTime>
				<value>2009-11-11T19:51:15.698Z</value>
			</creationTime>
			<modificationTime>
				<value>2009-11-11T19:51:16.079Z</value>
			</modificationTime>
			<name>
				<value><item><locale xsi:type="xsd:string">en-us</locale><value xsi:type="xsd:string">PM Aid Impact Analysis Cube - Current Academic Period</value></item>
</value>
			</name>
			<owner>
				<value><item><searchPath xsi:type="cm:stringProp">
	<value xsi:type="xsd:string" xml:space="preserve">CAMID(&quot;::Anonymous&quot;)</value>
</searchPath>
<storeID xsi:type="cm:guidProp">
	<value xsi:type="cm:guid" xml:space="preserve">xOjpBbm9ueW1vdXM_</value>
</storeID></item>
</value>
			</owner>
			<displaySequence>
				<value>0</value>
			</displaySequence>
			<viewed>
				<value>false</value>
			</viewed>
			<retentions>
				<value><item><objectClass xsi:type="cm:classEnum">model</objectClass><prop xsi:type="cm:propEnum">creationTime</prop><maxObjects xsi:type="xsd:integer">0</maxObjects></item>
</value>
			</retentions>
			<defaultPortalAction>
				<value>view</value>
			</defaultPortalAction>
			<userInterfaces>
				<value><item>eventStudio</item>
<item>analysisStudio</item>
<item>queryStudio</item>
<item>reportStudio</item>
<item>powerPlayStudio</item>
</value>
			</userInterfaces>
		</props>
	</object>
	<object>
		<class>package</class>
		<name>PM Award Analysis Cube</name>
		<id>6</id>
		<parentId>1</parentId>
		<storeID>i45F3A5CE7F6A4A5AB4505C982E65A3A7</storeID>
		<props>
			<creationTime>
				<value>2009-11-11T19:51:33.293Z</value>
			</creationTime>
			<modificationTime>
				<value>2009-11-11T19:51:33.664Z</value>
			</modificationTime>
			<name>
				<value><item><locale xsi:type="xsd:string">en-us</locale><value xsi:type="xsd:string">PM Award Analysis Cube</value></item>
</value>
			</name>
			<owner>
				<value><item><searchPath xsi:type="cm:stringProp">
	<value xsi:type="xsd:string" xml:space="preserve">CAMID(&quot;::Anonymous&quot;)</value>
</searchPath>
<storeID xsi:type="cm:guidProp">
	<value xsi:type="cm:guid" xml:space="preserve">xOjpBbm9ueW1vdXM_</value>
</storeID></item>
</value>
			</owner>
			<displaySequence>
				<value>0</value>
			</displaySequence>
			<viewed>
				<value>false</value>
			</viewed>
			<retentions>
				<value><item><objectClass xsi:type="cm:classEnum">model</objectClass><prop xsi:type="cm:propEnum">creationTime</prop><maxObjects xsi:type="xsd:integer">0</maxObjects></item>
</value>
			</retentions>
			<defaultPortalAction>
				<value>view</value>
			</defaultPortalAction>
			<userInterfaces>
				<value><item>eventStudio</item>
<item>analysisStudio</item>
<item>queryStudio</item>
<item>reportStudio</item>
<item>powerPlayStudio</item>
</value>
			</userInterfaces>
		</props>
	</object>
	<object>
		<class>package</class>
		<name>PM Award Analysis Cube - Current Academic Period</name>
		<id>7</id>
		<parentId>1</parentId>
		<storeID>i175B112AF12A4D12B50F4E5880D704BF</storeID>
		<props>
			<creationTime>
				<value>2009-11-11T19:51:50.748Z</value>
			</creationTime>
			<modificationTime>
				<value>2009-11-11T19:51:51.139Z</value>
			</modificationTime>
			<name>
				<value><item><locale xsi:type="xsd:string">en-us</locale><value xsi:type="xsd:string">PM Award Analysis Cube - Current Academic Period</value></item>
</value>
			</name>
			<owner>
				<value><item><searchPath xsi:type="cm:stringProp">
	<value xsi:type="xsd:string" xml:space="preserve">CAMID(&quot;::Anonymous&quot;)</value>
</searchPath>
<storeID xsi:type="cm:guidProp">
	<value xsi:type="cm:guid" xml:space="preserve">xOjpBbm9ueW1vdXM_</value>
</storeID></item>
</value>
			</owner>
			<displaySequence>
				<value>0</value>
			</displaySequence>
			<viewed>
				<value>false</value>
			</viewed>
			<retentions>
				<value><item><objectClass xsi:type="cm:classEnum">model</objectClass><prop xsi:type="cm:propEnum">creationTime</prop><maxObjects xsi:type="xsd:integer">0</maxObjects></item>
</value>
			</retentions>
			<defaultPortalAction>
				<value>view</value>
			</defaultPortalAction>
			<userInterfaces>
				<value><item>eventStudio</item>
<item>analysisStudio</item>
<item>queryStudio</item>
<item>reportStudio</item>
<item>powerPlayStudio</item>
</value>
			</userInterfaces>
		</props>
	</object>
	<object>
		<class>packageConfiguration</class>
		<name>PM Admissions Counselor Cube</name>
		<parentId>2</parentId>
		<storeID>iC04C396B487A478DA8FE5D6887D35946</storeID>
		<props>
			<creationTime>
				<value>2009-11-11T19:50:22.732Z</value>
			</creationTime>
			<modificationTime>
				<value>2009-11-11T19:50:22.732Z</value>
			</modificationTime>
			<name>
				<value><item><locale xsi:type="xsd:string">en-us</locale><value xsi:type="xsd:string">PM Admissions Counselor Cube</value></item>
</value>
			</name>
			<owner>
				<value><item><searchPath xsi:type="cm:stringProp">
	<value xsi:type="xsd:string" xml:space="preserve">CAMID(&quot;::Anonymous&quot;)</value>
</searchPath>
<storeID xsi:type="cm:guidProp">
	<value xsi:type="cm:guid" xml:space="preserve">xOjpBbm9ueW1vdXM_</value>
</storeID></item>
</value>
			</owner>
			<displaySequence>
				<value>0</value>
			</displaySequence>
			<viewed>
				<value>false</value>
			</viewed>
			<crosstabItemDisplayCountDefault>
				<value>5</value>
			</crosstabItemDisplayCountDefault>
			<crosstabItemDisplayCountLimit>
				<value>20</value>
			</crosstabItemDisplayCountLimit>
			<memberDisplayCountDefault>
				<value>20</value>
			</memberDisplayCountDefault>
			<memberDisplayCountLimit>
				<value>50</value>
			</memberDisplayCountLimit>
		</props>
	</object>
	<object>
		<class>model</class>
		<name>2009-11-11T19:50:23.152Z</name>
		<id>8</id>
		<parentId>2</parentId>
		<storeID>i2F4F034A1B704755AA045803CF3D56A0</storeID>
		<props>
			<creationTime>
				<value>2009-11-11T19:50:23.163Z</value>
			</creationTime>
			<modificationTime>
				<value>2009-11-11T19:50:23.243Z</value>
			</modificationTime>
			<name>
				<value><item><locale xsi:type="xsd:string">en-us</locale><value xsi:type="xsd:string">2009-11-11T19:50:23.152Z</value></item>
</value>
			</name>
			<owner>
				<value><item><searchPath xsi:type="cm:stringProp">
	<value xsi:type="xsd:string" xml:space="preserve">CAMID(&quot;::Anonymous&quot;)</value>
</searchPath>
<storeID xsi:type="cm:guidProp">
	<value xsi:type="cm:guid" xml:space="preserve">xOjpBbm9ueW1vdXM_</value>
</storeID></item>
</value>
			</owner>
			<displaySequence>
				<value>0</value>
			</displaySequence>
			<viewed>
				<value>false</value>
			</viewed>
			<model>
				<value href="35.dat" size="817"/>
			</model>
		</props>
	</object>
	<object>
		<class>packageConfiguration</class>
		<name>PM Admissions Counselor Cube - Current Academic Period</name>
		<parentId>3</parentId>
		<storeID>i59939545A6C249F9912190E343E17B7F</storeID>
		<props>
			<creationTime>
				<value>2009-11-11T19:50:40.758Z</value>
			</creationTime>
			<modificationTime>
				<value>2009-11-11T19:50:40.758Z</value>
			</modificationTime>
			<name>
				<value><item><locale xsi:type="xsd:string">en-us</locale><value xsi:type="xsd:string">PM Admissions Counselor Cube - Current Academic Period</value></item>
</value>
			</name>
			<owner>
				<value><item><searchPath xsi:type="cm:stringProp">
	<value xsi:type="xsd:string" xml:space="preserve">CAMID(&quot;::Anonymous&quot;)</value>
</searchPath>
<storeID xsi:type="cm:guidProp">
	<value xsi:type="cm:guid" xml:space="preserve">xOjpBbm9ueW1vdXM_</value>
</storeID></item>
</value>
			</owner>
			<displaySequence>
				<value>0</value>
			</displaySequence>
			<viewed>
				<value>false</value>
			</viewed>
			<crosstabItemDisplayCountDefault>
				<value>5</value>
			</crosstabItemDisplayCountDefault>
			<crosstabItemDisplayCountLimit>
				<value>20</value>
			</crosstabItemDisplayCountLimit>
			<memberDisplayCountDefault>
				<value>20</value>
			</memberDisplayCountDefault>
			<memberDisplayCountLimit>
				<value>50</value>
			</memberDisplayCountLimit>
		</props>
	</object>
	<object>
		<class>model</class>
		<name>2009-11-11T19:50:40.808Z</name>
		<id>9</id>
		<parentId>3</parentId>
		<storeID>iCA2AF91A9AC449D580F4A1764CBFA9D7</storeID>
		<props>
			<creationTime>
				<value>2009-11-11T19:50:40.818Z</value>
			</creationTime>
			<modificationTime>
				<value>2009-11-11T19:50:40.898Z</value>
			</modificationTime>
			<name>
				<value><item><locale xsi:type="xsd:string">en-us</locale><value xsi:type="xsd:string">2009-11-11T19:50:40.808Z</value></item>
</value>
			</name>
			<owner>
				<value><item><searchPath xsi:type="cm:stringProp">
	<value xsi:type="xsd:string" xml:space="preserve">CAMID(&quot;::Anonymous&quot;)</value>
</searchPath>
<storeID xsi:type="cm:guidProp">
	<value xsi:type="cm:guid" xml:space="preserve">xOjpBbm9ueW1vdXM_</value>
</storeID></item>
</value>
			</owner>
			<displaySequence>
				<value>0</value>
			</displaySequence>
			<viewed>
				<value>false</value>
			</viewed>
			<model>
				<value href="36.dat" size="843"/>
			</model>
		</props>
	</object>
	<object>
		<class>packageConfiguration</class>
		<name>PM Aid Impact Analysis Cube</name>
		<parentId>4</parentId>
		<storeID>i822F21B935BD436D90EA90306BE4D55C</storeID>
		<props>
			<creationTime>
				<value>2009-11-11T19:50:56.731Z</value>
			</creationTime>
			<modificationTime>
				<value>2009-11-11T19:50:56.731Z</value>
			</modificationTime>
			<name>
				<value><item><locale xsi:type="xsd:string">en-us</locale><value xsi:type="xsd:string">PM Aid Impact Analysis Cube</value></item>
</value>
			</name>
			<owner>
				<value><item><searchPath xsi:type="cm:stringProp">
	<value xsi:type="xsd:string" xml:space="preserve">CAMID(&quot;::Anonymous&quot;)</value>
</searchPath>
<storeID xsi:type="cm:guidProp">
	<value xsi:type="cm:guid" xml:space="preserve">xOjpBbm9ueW1vdXM_</value>
</storeID></item>
</value>
			</owner>
			<displaySequence>
				<value>0</value>
			</displaySequence>
			<viewed>
				<value>false</value>
			</viewed>
			<crosstabItemDisplayCountDefault>
				<value>5</value>
			</crosstabItemDisplayCountDefault>
			<crosstabItemDisplayCountLimit>
				<value>20</value>
			</crosstabItemDisplayCountLimit>
			<memberDisplayCountDefault>
				<value>20</value>
			</memberDisplayCountDefault>
			<memberDisplayCountLimit>
				<value>50</value>
			</memberDisplayCountLimit>
		</props>
	</object>
	<object>
		<class>model</class>
		<name>2009-11-11T19:50:56.781Z</name>
		<id>10</id>
		<parentId>4</parentId>
		<storeID>iF0724ADCA64F47CFA0DADFA5A04057E6</storeID>
		<props>
			<creationTime>
				<value>2009-11-11T19:50:56.791Z</value>
			</creationTime>
			<modificationTime>
				<value>2009-11-11T19:50:56.871Z</value>
			</modificationTime>
			<name>
				<value><item><locale xsi:type="xsd:string">en-us</locale><value xsi:type="xsd:string">2009-11-11T19:50:56.781Z</value></item>
</value>
			</name>
			<owner>
				<value><item><searchPath xsi:type="cm:stringProp">
	<value xsi:type="xsd:string" xml:space="preserve">CAMID(&quot;::Anonymous&quot;)</value>
</searchPath>
<storeID xsi:type="cm:guidProp">
	<value xsi:type="cm:guid" xml:space="preserve">xOjpBbm9ueW1vdXM_</value>
</storeID></item>
</value>
			</owner>
			<displaySequence>
				<value>0</value>
			</displaySequence>
			<viewed>
				<value>false</value>
			</viewed>
			<model>
				<value href="37.dat" size="823"/>
			</model>
		</props>
	</object>
	<object>
		<class>packageConfiguration</class>
		<name>PM Aid Impact Analysis Cube - Current Academic Period</name>
		<parentId>5</parentId>
		<storeID>iFDB4EE1FD1C843B3997B5869E33E643D</storeID>
		<props>
			<creationTime>
				<value>2009-11-11T19:51:16.009Z</value>
			</creationTime>
			<modificationTime>
				<value>2009-11-11T19:51:16.009Z</value>
			</modificationTime>
			<name>
				<value><item><locale xsi:type="xsd:string">en-us</locale><value xsi:type="xsd:string">PM Aid Impact Analysis Cube - Current Academic Period</value></item>
</value>
			</name>
			<owner>
				<value><item><searchPath xsi:type="cm:stringProp">
	<value xsi:type="xsd:string" xml:space="preserve">CAMID(&quot;::Anonymous&quot;)</value>
</searchPath>
<storeID xsi:type="cm:guidProp">
	<value xsi:type="cm:guid" xml:space="preserve">xOjpBbm9ueW1vdXM_</value>
</storeID></item>
</value>
			</owner>
			<displaySequence>
				<value>0</value>
			</displaySequence>
			<viewed>
				<value>false</value>
			</viewed>
			<crosstabItemDisplayCountDefault>
				<value>5</value>
			</crosstabItemDisplayCountDefault>
			<crosstabItemDisplayCountLimit>
				<value>20</value>
			</crosstabItemDisplayCountLimit>
			<memberDisplayCountDefault>
				<value>20</value>
			</memberDisplayCountDefault>
			<memberDisplayCountLimit>
				<value>50</value>
			</memberDisplayCountLimit>
		</props>
	</object>
	<object>
		<class>model</class>
		<name>2009-11-11T19:51:16.069Z</name>
		<id>11</id>
		<parentId>5</parentId>
		<storeID>iB9544B4CADFA4542A98A92CCF6D13E49</storeID>
		<props>
			<creationTime>
				<value>2009-11-11T19:51:16.079Z</value>
			</creationTime>
			<modificationTime>
				<value>2009-11-11T19:51:16.159Z</value>
			</modificationTime>
			<name>
				<value><item><locale xsi:type="xsd:string">en-us</locale><value xsi:type="xsd:string">2009-11-11T19:51:16.069Z</value></item>
</value>
			</name>
			<owner>
				<value><item><searchPath xsi:type="cm:stringProp">
	<value xsi:type="xsd:string" xml:space="preserve">CAMID(&quot;::Anonymous&quot;)</value>
</searchPath>
<storeID xsi:type="cm:guidProp">
	<value xsi:type="cm:guid" xml:space="preserve">xOjpBbm9ueW1vdXM_</value>
</storeID></item>
</value>
			</owner>
			<displaySequence>
				<value>0</value>
			</displaySequence>
			<viewed>
				<value>false</value>
			</viewed>
			<model>
				<value href="38.dat" size="844"/>
			</model>
		</props>
	</object>
	<object>
		<class>packageConfiguration</class>
		<name>PM Award Analysis Cube</name>
		<parentId>6</parentId>
		<storeID>i10C760FED4A84D6EBAC2BAFF058FDD04</storeID>
		<props>
			<creationTime>
				<value>2009-11-11T19:51:33.594Z</value>
			</creationTime>
			<modificationTime>
				<value>2009-11-11T19:51:33.594Z</value>
			</modificationTime>
			<name>
				<value><item><locale xsi:type="xsd:string">en-us</locale><value xsi:type="xsd:string">PM Award Analysis Cube</value></item>
</value>
			</name>
			<owner>
				<value><item><searchPath xsi:type="cm:stringProp">
	<value xsi:type="xsd:string" xml:space="preserve">CAMID(&quot;::Anonymous&quot;)</value>
</searchPath>
<storeID xsi:type="cm:guidProp">
	<value xsi:type="cm:guid" xml:space="preserve">xOjpBbm9ueW1vdXM_</value>
</storeID></item>
</value>
			</owner>
			<displaySequence>
				<value>0</value>
			</displaySequence>
			<viewed>
				<value>false</value>
			</viewed>
			<crosstabItemDisplayCountDefault>
				<value>5</value>
			</crosstabItemDisplayCountDefault>
			<crosstabItemDisplayCountLimit>
				<value>20</value>
			</crosstabItemDisplayCountLimit>
			<memberDisplayCountDefault>
				<value>20</value>
			</memberDisplayCountDefault>
			<memberDisplayCountLimit>
				<value>50</value>
			</memberDisplayCountLimit>
		</props>
	</object>
	<object>
		<class>model</class>
		<name>2009-11-11T19:51:33.654Z</name>
		<id>12</id>
		<parentId>6</parentId>
		<storeID>i8E97354DB7D2433DA2C350AE93FCFABD</storeID>
		<props>
			<creationTime>
				<value>2009-11-11T19:51:33.664Z</value>
			</creationTime>
			<modificationTime>
				<value>2009-11-11T19:51:33.744Z</value>
			</modificationTime>
			<name>
				<value><item><locale xsi:type="xsd:string">en-us</locale><value xsi:type="xsd:string">2009-11-11T19:51:33.654Z</value></item>
</value>
			</name>
			<owner>
				<value><item><searchPath xsi:type="cm:stringProp">
	<value xsi:type="xsd:string" xml:space="preserve">CAMID(&quot;::Anonymous&quot;)</value>
</searchPath>
<storeID xsi:type="cm:guidProp">
	<value xsi:type="cm:guid" xml:space="preserve">xOjpBbm9ueW1vdXM_</value>
</storeID></item>
</value>
			</owner>
			<displaySequence>
				<value>0</value>
			</displaySequence>
			<viewed>
				<value>false</value>
			</viewed>
			<model>
				<value href="39.dat" size="819"/>
			</model>
		</props>
	</object>
	<object>
		<class>packageConfiguration</class>
		<name>PM Award Analysis Cube - Current Academic Period</name>
		<parentId>7</parentId>
		<storeID>i00881C28B952468485C2618E0A8AEFE8</storeID>
		<props>
			<creationTime>
				<value>2009-11-11T19:51:51.079Z</value>
			</creationTime>
			<modificationTime>
				<value>2009-11-11T19:51:51.079Z</value>
			</modificationTime>
			<name>
				<value><item><locale xsi:type="xsd:string">en-us</locale><value xsi:type="xsd:string">PM Award Analysis Cube - Current Academic Period</value></item>
</value>
			</name>
			<owner>
				<value><item><searchPath xsi:type="cm:stringProp">
	<value xsi:type="xsd:string" xml:space="preserve">CAMID(&quot;::Anonymous&quot;)</value>
</searchPath>
<storeID xsi:type="cm:guidProp">
	<value xsi:type="cm:guid" xml:space="preserve">xOjpBbm9ueW1vdXM_</value>
</storeID></item>
</value>
			</owner>
			<displaySequence>
				<value>0</value>
			</displaySequence>
			<viewed>
				<value>false</value>
			</viewed>
			<crosstabItemDisplayCountDefault>
				<value>5</value>
			</crosstabItemDisplayCountDefault>
			<crosstabItemDisplayCountLimit>
				<value>20</value>
			</crosstabItemDisplayCountLimit>
			<memberDisplayCountDefault>
				<value>20</value>
			</memberDisplayCountDefault>
			<memberDisplayCountLimit>
				<value>50</value>
			</memberDisplayCountLimit>
		</props>
	</object>
	<object>
		<class>model</class>
		<name>2009-11-11T19:51:51.129Z</name>
		<id>13</id>
		<parentId>7</parentId>
		<storeID>i0EA537F42CEA4B89B41DD8DCCE3D91A4</storeID>
		<props>
			<creationTime>
				<value>2009-11-11T19:51:51.139Z</value>
			</creationTime>
			<modificationTime>
				<value>2009-11-11T19:51:51.219Z</value>
			</modificationTime>
			<name>
				<value><item><locale xsi:type="xsd:string">en-us</locale><value xsi:type="xsd:string">2009-11-11T19:51:51.129Z</value></item>
</value>
			</name>
			<owner>
				<value><item><searchPath xsi:type="cm:stringProp">
	<value xsi:type="xsd:string" xml:space="preserve">CAMID(&quot;::Anonymous&quot;)</value>
</searchPath>
<storeID xsi:type="cm:guidProp">
	<value xsi:type="cm:guid" xml:space="preserve">xOjpBbm9ueW1vdXM_</value>
</storeID></item>
</value>
			</owner>
			<displaySequence>
				<value>0</value>
			</displaySequence>
			<viewed>
				<value>false</value>
			</viewed>
			<model>
				<value href="40.dat" size="840"/>
			</model>
		</props>
	</object>
	<object>
		<class>modelView</class>
		<name>[].[securityViews].[PM Admissions Counselor Cube]</name>
		<parentId>8</parentId>
		<storeID>i92CBEE3476CB4EBD89D27260D8962DD9</storeID>
		<props>
			<creationTime>
				<value>2009-11-11T19:50:23.243Z</value>
			</creationTime>
			<modificationTime>
				<value>2009-11-11T19:50:23.243Z</value>
			</modificationTime>
			<name>
				<value><item><locale xsi:type="xsd:string">en-us</locale><value xsi:type="xsd:string">[].[securityViews].[PM Admissions Counselor Cube]</value></item>
</value>
			</name>
			<owner>
				<value><item><searchPath xsi:type="cm:stringProp">
	<value xsi:type="xsd:string" xml:space="preserve">CAMID(&quot;::Anonymous&quot;)</value>
</searchPath>
<storeID xsi:type="cm:guidProp">
	<value xsi:type="cm:guid" xml:space="preserve">xOjpBbm9ueW1vdXM_</value>
</storeID></item>
</value>
			</owner>
		</props>
	</object>
	<object>
		<class>modelView</class>
		<name>[].[securityViews].[PM Admissions Counselor Cube - Current Academic Period]</name>
		<parentId>9</parentId>
		<storeID>i8D4F687D427E488380D613B7D80DD535</storeID>
		<props>
			<creationTime>
				<value>2009-11-11T19:50:40.898Z</value>
			</creationTime>
			<modificationTime>
				<value>2009-11-11T19:50:40.898Z</value>
			</modificationTime>
			<name>
				<value><item><locale xsi:type="xsd:string">en-us</locale><value xsi:type="xsd:string">[].[securityViews].[PM Admissions Counselor Cube - Current Academic Period]</value></item>
</value>
			</name>
			<owner>
				<value><item><searchPath xsi:type="cm:stringProp">
	<value xsi:type="xsd:string" xml:space="preserve">CAMID(&quot;::Anonymous&quot;)</value>
</searchPath>
<storeID xsi:type="cm:guidProp">
	<value xsi:type="cm:guid" xml:space="preserve">xOjpBbm9ueW1vdXM_</value>
</storeID></item>
</value>
			</owner>
		</props>
	</object>
	<object>
		<class>modelView</class>
		<name>[].[securityViews].[PM Aid Impact Analysis Cube]</name>
		<parentId>10</parentId>
		<storeID>i1243EC6437484469A4CFC6E377945827</storeID>
		<props>
			<creationTime>
				<value>2009-11-11T19:50:56.871Z</value>
			</creationTime>
			<modificationTime>
				<value>2009-11-11T19:50:56.871Z</value>
			</modificationTime>
			<name>
				<value><item><locale xsi:type="xsd:string">en-us</locale><value xsi:type="xsd:string">[].[securityViews].[PM Aid Impact Analysis Cube]</value></item>
</value>
			</name>
			<owner>
				<value><item><searchPath xsi:type="cm:stringProp">
	<value xsi:type="xsd:string" xml:space="preserve">CAMID(&quot;::Anonymous&quot;)</value>
</searchPath>
<storeID xsi:type="cm:guidProp">
	<value xsi:type="cm:guid" xml:space="preserve">xOjpBbm9ueW1vdXM_</value>
</storeID></item>
</value>
			</owner>
		</props>
	</object>
	<object>
		<class>modelView</class>
		<name>[].[securityViews].[PM Aid Impact Analysis Cube - Current Academic Period]</name>
		<parentId>11</parentId>
		<storeID>i4A76A9F2BFBD4F15B2336F2E04DDF391</storeID>
		<props>
			<creationTime>
				<value>2009-11-11T19:51:16.159Z</value>
			</creationTime>
			<modificationTime>
				<value>2009-11-11T19:51:16.159Z</value>
			</modificationTime>
			<name>
				<value><item><locale xsi:type="xsd:string">en-us</locale><value xsi:type="xsd:string">[].[securityViews].[PM Aid Impact Analysis Cube - Current Academic Period]</value></item>
</value>
			</name>
			<owner>
				<value><item><searchPath xsi:type="cm:stringProp">
	<value xsi:type="xsd:string" xml:space="preserve">CAMID(&quot;::Anonymous&quot;)</value>
</searchPath>
<storeID xsi:type="cm:guidProp">
	<value xsi:type="cm:guid" xml:space="preserve">xOjpBbm9ueW1vdXM_</value>
</storeID></item>
</value>
			</owner>
		</props>
	</object>
	<object>
		<class>modelView</class>
		<name>[].[securityViews].[PM Award Analysis Cube]</name>
		<parentId>12</parentId>
		<storeID>i2915C2C26DAD4DF3AA606B1B51C4863B</storeID>
		<props>
			<creationTime>
				<value>2009-11-11T19:51:33.744Z</value>
			</creationTime>
			<modificationTime>
				<value>2009-11-11T19:51:33.744Z</value>
			</modificationTime>
			<name>
				<value><item><locale xsi:type="xsd:string">en-us</locale><value xsi:type="xsd:string">[].[securityViews].[PM Award Analysis Cube]</value></item>
</value>
			</name>
			<owner>
				<value><item><searchPath xsi:type="cm:stringProp">
	<value xsi:type="xsd:string" xml:space="preserve">CAMID(&quot;::Anonymous&quot;)</value>
</searchPath>
<storeID xsi:type="cm:guidProp">
	<value xsi:type="cm:guid" xml:space="preserve">xOjpBbm9ueW1vdXM_</value>
</storeID></item>
</value>
			</owner>
		</props>
	</object>
	<object>
		<class>modelView</class>
		<name>[].[securityViews].[PM Award Analysis Cube - Current Academic Period]</name>
		<parentId>13</parentId>
		<storeID>iAC8ECA8B960242F092137D32A30BB479</storeID>
		<props>
			<creationTime>
				<value>2009-11-11T19:51:51.219Z</value>
			</creationTime>
			<modificationTime>
				<value>2009-11-11T19:51:51.219Z</value>
			</modificationTime>
			<name>
				<value><item><locale xsi:type="xsd:string">en-us</locale><value xsi:type="xsd:string">[].[securityViews].[PM Award Analysis Cube - Current Academic Period]</value></item>
</value>
			</name>
			<owner>
				<value><item><searchPath xsi:type="cm:stringProp">
	<value xsi:type="xsd:string" xml:space="preserve">CAMID(&quot;::Anonymous&quot;)</value>
</searchPath>
<storeID xsi:type="cm:guidProp">
	<value xsi:type="cm:guid" xml:space="preserve">xOjpBbm9ueW1vdXM_</value>
</storeID></item>
</value>
			</owner>
		</props>
	</object>
  </objects>
</archive>
